{
  "model": "mlx-community/Qwen2.5-3B-Instruct-4bit",
  "lora_rank": 8,
  "lora_layers": 2,
  "lr": 0.0001,
  "steps": 200,
  "ane_active": true,
  "losses": [
    4.07421875,
    4.078125,
    4.07421875,
    4.0703125,
    4.06640625,
    4.06640625,
    4.06640625,
    4.06640625,
    4.06640625,
    4.06640625,
    4.0625,
    4.0625,
    4.0625,
    4.05859375,
    4.0546875,
    4.05859375,
    4.0546875,
    4.0546875,
    4.0546875,
    4.05078125,
    4.05078125,
    4.05078125,
    4.046875,
    4.046875,
    4.04296875,
    4.04296875,
    4.0390625,
    4.04296875,
    4.03515625,
    4.0390625,
    4.04296875,
    4.03515625,
    4.03515625,
    4.03515625,
    4.03515625,
    4.03515625,
    4.03125,
    4.02734375,
    4.03125,
    4.03125,
    4.01953125,
    4.03125,
    4.01953125,
    4.01953125,
    4.0234375,
    4.01953125,
    4.01953125,
    4.01953125,
    4.01953125,
    4.01953125,
    4.015625,
    4.01953125,
    4.015625,
    4.015625,
    4.01171875,
    4.01171875,
    4.00390625,
    4.00390625,
    4.0078125,
    4.0078125,
    4.00390625,
    4.00390625,
    4.00390625,
    4.0,
    4.00390625,
    4.0,
    4.0,
    4.0,
    3.99609375,
    3.9921875,
    3.9921875,
    3.9921875,
    3.9921875,
    3.990234375,
    3.9921875,
    3.990234375,
    3.986328125,
    3.986328125,
    3.990234375,
    3.986328125,
    3.986328125,
    3.986328125,
    3.984375,
    3.98046875,
    3.9765625,
    3.98046875,
    3.98046875,
    3.974609375,
    3.974609375,
    3.974609375,
    3.974609375,
    3.974609375,
    3.970703125,
    3.970703125,
    3.974609375,
    3.970703125,
    3.96875,
    3.96875,
    3.96484375,
    3.96875,
    2.869140625,
    2.87109375,
    2.869140625,
    2.865234375,
    2.865234375,
    2.861328125,
    2.861328125,
    2.853515625,
    2.857421875,
    2.849609375,
    2.853515625,
    2.849609375,
    2.845703125,
    2.841796875,
    2.83984375,
    2.83984375,
    2.8359375,
    2.83203125,
    2.83203125,
    2.82421875,
    2.8203125,
    2.8203125,
    2.8203125,
    2.81640625,
    2.81640625,
    2.8125,
    2.80859375,
    2.806640625,
    2.806640625,
    2.806640625,
    2.802734375,
    2.798828125,
    2.794921875,
    2.791015625,
    2.787109375,
    2.791015625,
    2.791015625,
    2.78125,
    2.78125,
    2.77734375,
    2.77734375,
    2.775390625,
    2.76953125,
    2.76953125,
    2.765625,
    2.765625,
    2.76171875,
    2.76171875,
    2.7578125,
    2.75390625,
    2.75390625,
    2.75390625,
    2.74609375,
    2.744140625,
    2.744140625,
    2.7421875,
    2.73828125,
    2.740234375,
    2.732421875,
    2.734375,
    2.7265625,
    2.728515625,
    2.7265625,
    2.716796875,
    2.71484375,
    2.7109375,
    2.71484375,
    2.7109375,
    2.71484375,
    2.7109375,
    2.70703125,
    2.705078125,
    2.70703125,
    2.69921875,
    2.69921875,
    2.6953125,
    2.6953125,
    2.6953125,
    2.693359375,
    2.689453125,
    2.68359375,
    2.68359375,
    2.68359375,
    2.68359375,
    2.6796875,
    2.6796875,
    2.67578125,
    2.673828125,
    2.673828125,
    2.671875,
    2.671875,
    2.6640625,
    2.66796875,
    2.666015625,
    2.66015625,
    2.658203125,
    2.65625,
    2.654296875,
    2.658203125,
    2.65234375
  ],
  "step_times": [
    0.22165513038635254,
    0.15161991119384766,
    0.1481919288635254,
    0.14847517013549805,
    0.14869904518127441,
    0.14797091484069824,
    0.14705514907836914,
    0.14825916290283203,
    0.14784693717956543,
    0.14672303199768066,
    0.14724993705749512,
    0.14828991889953613,
    0.14823698997497559,
    0.14781427383422852,
    0.14768481254577637,
    0.14709806442260742,
    0.14725923538208008,
    0.14690399169921875,
    0.14687395095825195,
    0.14763903617858887,
    0.1476142406463623,
    0.1484372615814209,
    0.14773297309875488,
    0.14716100692749023,
    0.14774584770202637,
    0.14707016944885254,
    0.14816904067993164,
    0.14716100692749023,
    0.14812326431274414,
    0.14708209037780762,
    0.14731502532958984,
    0.14744997024536133,
    0.14758706092834473,
    0.14808893203735352,
    0.1472172737121582,
    0.14775919914245605,
    0.14741301536560059,
    0.14746999740600586,
    0.14698386192321777,
    0.14790701866149902,
    0.1482851505279541,
    0.14761900901794434,
    0.14754891395568848,
    0.1475813388824463,
    0.14783692359924316,
    0.1472020149230957,
    0.14736700057983398,
    0.14786362648010254,
    0.1469268798828125,
    0.14792108535766602,
    0.1470489501953125,
    0.14784717559814453,
    0.1475849151611328,
    0.14681315422058105,
    0.14861631393432617,
    0.1474013328552246,
    0.14731097221374512,
    0.1473851203918457,
    0.14865398406982422,
    0.14872288703918457,
    0.14759492874145508,
    0.1477832794189453,
    0.14707207679748535,
    0.14748382568359375,
    0.14749908447265625,
    0.14676880836486816,
    0.14824676513671875,
    0.14744281768798828,
    0.1469707489013672,
    0.14692020416259766,
    0.14773297309875488,
    0.14724278450012207,
    0.14775681495666504,
    0.14777302742004395,
    0.14714884757995605,
    0.1477949619293213,
    0.14712977409362793,
    0.14843416213989258,
    0.14776086807250977,
    0.14737796783447266,
    0.14795780181884766,
    0.14746785163879395,
    0.14704585075378418,
    0.14709711074829102,
    0.14726018905639648,
    0.14737319946289062,
    0.14780807495117188,
    0.1480419635772705,
    0.14651799201965332,
    0.14825797080993652,
    0.14742493629455566,
    0.1480550765991211,
    0.1474010944366455,
    0.14762210845947266,
    0.14772701263427734,
    0.14704418182373047,
    0.14724302291870117,
    0.14745187759399414,
    0.14742612838745117,
    0.14803409576416016,
    0.1996300220489502,
    0.15833115577697754,
    0.1583240032196045,
    0.1576707363128662,
    0.1577448844909668,
    0.15788793563842773,
    0.15804815292358398,
    0.15758419036865234,
    0.15809011459350586,
    0.15796709060668945,
    0.158494234085083,
    0.1580030918121338,
    0.15772581100463867,
    0.15762686729431152,
    0.15769386291503906,
    0.15710878372192383,
    0.156937837600708,
    0.15812993049621582,
    0.1582012176513672,
    0.15828514099121094,
    0.1580369472503662,
    0.15818214416503906,
    0.15802502632141113,
    0.15802597999572754,
    0.15790915489196777,
    0.1577930450439453,
    0.15783381462097168,
    0.15793704986572266,
    0.1587378978729248,
    0.15779614448547363,
    0.15796399116516113,
    0.15849590301513672,
    0.1587362289428711,
    0.15781593322753906,
    0.15810108184814453,
    0.15847086906433105,
    0.15860605239868164,
    0.1581251621246338,
    0.15786218643188477,
    0.1577138900756836,
    0.1574079990386963,
    0.15800714492797852,
    0.15776777267456055,
    0.15773606300354004,
    0.15796875953674316,
    0.15750408172607422,
    0.15797901153564453,
    0.15772008895874023,
    0.15790605545043945,
    0.15771698951721191,
    0.15808510780334473,
    0.1576859951019287,
    0.15801668167114258,
    0.15780091285705566,
    0.1581127643585205,
    0.15777993202209473,
    0.15763306617736816,
    0.15851712226867676,
    0.1579911708831787,
    0.15749096870422363,
    0.15866708755493164,
    0.15804386138916016,
    0.1574549674987793,
    0.1582651138305664,
    0.1584179401397705,
    0.15826988220214844,
    0.15825891494750977,
    0.15755701065063477,
    0.1580500602722168,
    0.1579277515411377,
    0.15769410133361816,
    0.1576080322265625,
    0.15733814239501953,
    0.15805411338806152,
    0.1573481559753418,
    0.15822386741638184,
    0.15814614295959473,
    0.15782690048217773,
    0.1579742431640625,
    0.15798306465148926,
    0.15794610977172852,
    0.15822625160217285,
    0.15824007987976074,
    0.15814995765686035,
    0.15771913528442383,
    0.15774798393249512,
    0.15833210945129395,
    0.15903902053833008,
    0.15771079063415527,
